FIPS,bins_num,bins_labels
1001,4,Challenging
1003,4,Challenging
1005,3,Exciting
1007,3,Exciting
1009,4,Challenging
1011,3,Exciting
1013,3,Exciting
1015,4,Challenging
1017,3,Exciting
1019,4,Challenging
1021,3,Exciting
1023,3,Exciting
1025,4,Challenging
1027,3,Exciting
1029,3,Exciting
1031,4,Challenging
1033,4,Challenging
1035,3,Exciting
1037,3,Exciting
1039,4,Challenging
1041,3,Exciting
1043,4,Challenging
1045,4,Challenging
1047,3,Exciting
1049,4,Challenging
1051,4,Challenging
1053,3,Exciting
1055,4,Challenging
1057,3,Exciting
1059,4,Challenging
1061,3,Exciting
1063,3,Exciting
1065,3,Exciting
1067,3,Exciting
1069,4,Challenging
1071,4,Challenging
1073,4,Challenging
1075,4,Challenging
1077,4,Challenging
1079,4,Challenging
1081,4,Challenging
1083,4,Challenging
1085,3,Exciting
1087,3,Exciting
1089,5,Get out!
1091,3,Exciting
1093,4,Challenging
1095,4,Challenging
1097,4,Challenging
1099,3,Exciting
1101,4,Challenging
1103,4,Challenging
1105,3,Exciting
1107,3,Exciting
1109,3,Exciting
1111,4,Challenging
1113,3,Exciting
1115,4,Challenging
1117,4,Challenging
1119,3,Exciting
1121,4,Challenging
1123,4,Challenging
1125,4,Challenging
1127,4,Challenging
1129,3,Exciting
1131,3,Exciting
1133,4,Challenging
2013,3,Exciting
2016,4,Challenging
2020,4,Challenging
2050,4,Challenging
2060,3,Exciting
2068,4,Challenging
2070,3,Exciting
2090,3,Exciting
2100,4,Challenging
2110,4,Challenging
2122,4,Challenging
2130,3,Exciting
2150,3,Exciting
2164,4,Challenging
2170,4,Challenging
2180,4,Challenging
2185,4,Challenging
2188,4,Challenging
2201,0,Boring
2220,4,Challenging
2232,2,Reasonable
2240,4,Challenging
2261,4,Challenging
2270,0,Boring
2280,0,Boring
2282,3,Exciting
2290,4,Challenging
4001,4,Challenging
4003,4,Challenging
4005,5,Get out!
4007,4,Challenging
4009,4,Challenging
4011,3,Exciting
4012,3,Exciting
4013,5,Get out!
4015,4,Challenging
4017,4,Challenging
4019,5,Get out!
4021,4,Challenging
4023,3,Exciting
4025,4,Challenging
4027,3,Exciting
5001,4,Challenging
5003,4,Challenging
5005,4,Challenging
5007,4,Challenging
5009,4,Challenging
5011,4,Challenging
5013,3,Exciting
5015,4,Challenging
5017,4,Challenging
5019,4,Challenging
5021,4,Challenging
5023,4,Challenging
5025,3,Exciting
5027,4,Challenging
5029,4,Challenging
5031,4,Challenging
5033,4,Challenging
5035,4,Challenging
5037,3,Exciting
5039,4,Challenging
5041,3,Exciting
5043,4,Challenging
5045,4,Challenging
5047,4,Challenging
5049,4,Challenging
5051,4,Challenging
5053,4,Challenging
5055,4,Challenging
5057,4,Challenging
5059,4,Challenging
5061,4,Challenging
5063,4,Challenging
5065,4,Challenging
5067,4,Challenging
5069,4,Challenging
5071,4,Challenging
5073,3,Exciting
5075,4,Challenging
5077,3,Exciting
5079,3,Exciting
5081,4,Challenging
5083,4,Challenging
5085,4,Challenging
5087,4,Challenging
5089,4,Challenging
5091,4,Challenging
5093,4,Challenging
5095,4,Challenging
5097,4,Challenging
5099,3,Exciting
5101,4,Challenging
5103,4,Challenging
5105,4,Challenging
5107,3,Exciting
5109,4,Challenging
5111,4,Challenging
5113,4,Challenging
5115,4,Challenging
5117,4,Challenging
5119,5,Get out!
5121,4,Challenging
5123,3,Exciting
5125,4,Challenging
5127,4,Challenging
5129,4,Challenging
5131,4,Challenging
5133,4,Challenging
5135,4,Challenging
5137,4,Challenging
5139,4,Challenging
5141,4,Challenging
5143,4,Challenging
5145,4,Challenging
5147,4,Challenging
5149,4,Challenging
6001,4,Challenging
6003,4,Challenging
6005,4,Challenging
6007,4,Challenging
6009,4,Challenging
6011,3,Exciting
6013,4,Challenging
6015,2,Reasonable
6017,5,Get out!
6019,4,Challenging
6021,3,Exciting
6023,3,Exciting
6025,3,Exciting
6027,4,Challenging
6029,4,Challenging
6031,3,Exciting
6033,3,Exciting
6035,4,Challenging
6037,4,Challenging
6039,3,Exciting
6041,4,Challenging
6043,3,Exciting
6045,3,Exciting
6047,3,Exciting
6049,4,Challenging
6051,4,Challenging
6053,3,Exciting
6055,3,Exciting
6057,5,Get out!
6059,4,Challenging
6061,5,Get out!
6063,4,Challenging
6065,5,Get out!
6067,4,Challenging
6069,3,Exciting
6071,5,Get out!
6073,5,Get out!
6075,3,Exciting
6077,3,Exciting
6079,3,Exciting
6081,4,Challenging
6083,4,Challenging
6085,4,Challenging
6087,4,Challenging
6089,4,Challenging
6091,4,Challenging
6093,4,Challenging
6095,3,Exciting
6097,4,Challenging
6099,3,Exciting
6101,3,Exciting
6103,4,Challenging
6105,3,Exciting
6107,3,Exciting
6109,4,Challenging
6111,4,Challenging
6113,3,Exciting
6115,4,Challenging
8001,4,Challenging
8003,4,Challenging
8005,4,Challenging
8007,4,Challenging
8009,4,Challenging
8011,3,Exciting
8013,5,Get out!
8014,4,Challenging
8015,4,Challenging
8017,4,Challenging
8019,4,Challenging
8021,4,Challenging
8023,4,Challenging
8025,3,Exciting
8027,4,Challenging
8029,5,Get out!
8031,4,Challenging
8033,5,Get out!
8035,4,Challenging
8037,5,Get out!
8039,4,Challenging
8041,5,Get out!
8043,4,Challenging
8045,5,Get out!
8047,4,Challenging
8049,4,Challenging
8051,5,Get out!
8053,5,Get out!
8055,5,Get out!
8057,4,Challenging
8059,5,Get out!
8061,4,Challenging
8063,4,Challenging
8065,4,Challenging
8067,5,Get out!
8069,5,Get out!
8071,4,Challenging
8073,4,Challenging
8075,4,Challenging
8077,5,Get out!
8079,4,Challenging
8081,5,Get out!
8083,4,Challenging
8085,5,Get out!
8087,4,Challenging
8089,4,Challenging
8091,5,Get out!
8093,4,Challenging
8095,4,Challenging
8097,4,Challenging
8099,4,Challenging
8101,4,Challenging
8103,5,Get out!
8105,4,Challenging
8107,5,Get out!
8109,4,Challenging
8111,4,Challenging
8113,5,Get out!
8115,3,Exciting
8117,4,Challenging
8119,4,Challenging
8121,4,Challenging
8123,5,Get out!
8125,4,Challenging
9001,4,Challenging
9003,4,Challenging
9005,4,Challenging
9007,4,Challenging
9009,4,Challenging
9011,4,Challenging
9013,4,Challenging
9015,4,Challenging
10001,4,Challenging
10003,4,Challenging
10005,5,Get out!
11001,4,Challenging
12001,4,Challenging
12003,3,Exciting
12005,4,Challenging
12007,3,Exciting
12009,4,Challenging
12011,4,Challenging
12013,3,Exciting
12015,3,Exciting
12017,3,Exciting
12019,4,Challenging
12021,4,Challenging
12023,3,Exciting
12027,3,Exciting
12029,3,Exciting
12031,4,Challenging
12033,4,Challenging
12035,4,Challenging
12037,3,Exciting
12039,3,Exciting
12041,3,Exciting
12043,3,Exciting
12045,3,Exciting
12047,3,Exciting
12049,3,Exciting
12051,3,Exciting
12053,3,Exciting
12055,3,Exciting
12057,4,Challenging
12059,3,Exciting
12061,3,Exciting
12063,4,Challenging
12065,3,Exciting
12067,3,Exciting
12069,3,Exciting
12071,4,Challenging
12073,4,Challenging
12075,3,Exciting
12077,3,Exciting
12079,3,Exciting
12081,4,Challenging
12083,4,Challenging
12085,3,Exciting
12086,4,Challenging
12087,4,Challenging
12089,4,Challenging
12091,4,Challenging
12093,3,Exciting
12095,4,Challenging
12097,3,Exciting
12099,4,Challenging
12101,4,Challenging
12103,4,Challenging
12105,4,Challenging
12107,4,Challenging
12109,4,Challenging
12111,3,Exciting
12113,4,Challenging
12115,3,Exciting
12117,3,Exciting
12119,3,Exciting
12121,4,Challenging
12123,3,Exciting
12125,3,Exciting
12127,4,Challenging
12129,4,Challenging
12131,4,Challenging
12133,3,Exciting
13001,3,Exciting
13003,3,Exciting
13005,3,Exciting
13007,3,Exciting
13009,3,Exciting
13011,3,Exciting
13013,3,Exciting
13015,4,Challenging
13017,3,Exciting
13019,3,Exciting
13021,4,Challenging
13023,3,Exciting
13025,3,Exciting
13027,3,Exciting
13029,3,Exciting
13031,4,Challenging
13033,3,Exciting
13035,3,Exciting
13037,3,Exciting
13039,4,Challenging
13043,3,Exciting
13045,4,Challenging
13047,3,Exciting
13049,3,Exciting
13051,4,Challenging
13053,3,Exciting
13055,4,Challenging
13057,4,Challenging
13059,3,Exciting
13061,3,Exciting
13063,4,Challenging
13065,3,Exciting
13067,4,Challenging
13069,3,Exciting
13071,3,Exciting
13073,3,Exciting
13075,3,Exciting
13077,4,Challenging
13079,3,Exciting
13081,3,Exciting
13083,4,Challenging
13085,4,Challenging
13087,3,Exciting
13089,4,Challenging
13091,3,Exciting
13093,3,Exciting
13095,3,Exciting
13097,4,Challenging
13099,3,Exciting
13101,3,Exciting
13103,4,Challenging
13105,3,Exciting
13107,3,Exciting
13109,3,Exciting
13111,4,Challenging
13113,4,Challenging
13115,4,Challenging
13117,4,Challenging
13119,3,Exciting
13121,4,Challenging
13123,4,Challenging
13125,3,Exciting
13127,3,Exciting
13129,4,Challenging
13131,3,Exciting
13133,3,Exciting
13135,4,Challenging
13137,4,Challenging
13139,4,Challenging
13141,3,Exciting
13143,3,Exciting
13145,3,Exciting
13147,3,Exciting
13149,3,Exciting
13151,4,Challenging
13153,4,Challenging
13155,3,Exciting
13157,4,Challenging
13159,3,Exciting
13161,3,Exciting
13163,3,Exciting
13165,3,Exciting
13167,3,Exciting
13169,3,Exciting
13171,3,Exciting
13173,3,Exciting
13175,4,Challenging
13177,3,Exciting
13179,4,Challenging
13181,3,Exciting
13183,3,Exciting
13185,4,Challenging
13187,4,Challenging
13189,3,Exciting
13191,4,Challenging
13193,3,Exciting
13195,3,Exciting
13197,3,Exciting
13199,3,Exciting
13201,3,Exciting
13205,3,Exciting
13207,3,Exciting
13209,3,Exciting
13211,3,Exciting
13213,4,Challenging
13215,4,Challenging
13217,3,Exciting
13219,3,Exciting
13221,3,Exciting
13223,3,Exciting
13225,3,Exciting
13227,3,Exciting
13229,3,Exciting
13231,3,Exciting
13233,4,Challenging
13235,3,Exciting
13237,3,Exciting
13239,3,Exciting
13241,4,Challenging
13243,3,Exciting
13245,3,Exciting
13247,3,Exciting
13249,3,Exciting
13251,4,Challenging
13253,3,Exciting
13255,3,Exciting
13257,3,Exciting
13259,3,Exciting
13261,3,Exciting
13263,3,Exciting
13265,3,Exciting
13267,3,Exciting
13269,3,Exciting
13271,3,Exciting
13273,3,Exciting
13275,3,Exciting
13277,3,Exciting
13279,3,Exciting
13281,3,Exciting
13283,3,Exciting
13285,4,Challenging
13287,3,Exciting
13289,3,Exciting
13291,3,Exciting
13293,3,Exciting
13295,4,Challenging
13297,4,Challenging
13299,3,Exciting
13301,3,Exciting
13303,3,Exciting
13305,3,Exciting
13307,3,Exciting
13309,3,Exciting
13311,4,Challenging
13313,4,Challenging
13315,3,Exciting
13317,3,Exciting
13319,3,Exciting
13321,3,Exciting
15001,5,Get out!
15003,5,Get out!
15005,0,Boring
15007,5,Get out!
15009,5,Get out!
16001,3,Exciting
16003,3,Exciting
16005,3,Exciting
16007,3,Exciting
16009,4,Challenging
16011,3,Exciting
16013,3,Exciting
16015,3,Exciting
16017,4,Challenging
16019,3,Exciting
16021,4,Challenging
16023,3,Exciting
16025,3,Exciting
16027,3,Exciting
16029,3,Exciting
16031,3,Exciting
16033,2,Reasonable
16035,4,Challenging
16037,2,Reasonable
16039,3,Exciting
16041,2,Reasonable
16043,3,Exciting
16045,3,Exciting
16047,3,Exciting
16049,4,Challenging
16051,3,Exciting
16053,3,Exciting
16055,5,Get out!
16057,4,Challenging
16059,3,Exciting
16061,3,Exciting
16063,2,Reasonable
16065,2,Reasonable
16067,2,Reasonable
16069,3,Exciting
16071,2,Reasonable
16073,3,Exciting
16075,3,Exciting
16077,3,Exciting
16079,4,Challenging
16081,2,Reasonable
16083,3,Exciting
16085,3,Exciting
16087,3,Exciting
17001,4,Challenging
17003,4,Challenging
17005,3,Exciting
17007,3,Exciting
17009,3,Exciting
17011,4,Challenging
17013,3,Exciting
17015,4,Challenging
17017,3,Exciting
17019,4,Challenging
17021,4,Challenging
17023,3,Exciting
17025,4,Challenging
17027,4,Challenging
17029,4,Challenging
17031,5,Get out!
17033,3,Exciting
17035,3,Exciting
17037,4,Challenging
17039,3,Exciting
17041,3,Exciting
17043,4,Challenging
17045,3,Exciting
17047,4,Challenging
17049,4,Challenging
17051,3,Exciting
17053,3,Exciting
17055,4,Challenging
17057,4,Challenging
17059,4,Challenging
17061,3,Exciting
17063,4,Challenging
17065,4,Challenging
17067,4,Challenging
17069,4,Challenging
17071,4,Challenging
17073,4,Challenging
17075,4,Challenging
17077,4,Challenging
17079,3,Exciting
17081,4,Challenging
17083,4,Challenging
17085,4,Challenging
17087,4,Challenging
17089,4,Challenging
17091,4,Challenging
17093,3,Exciting
17095,4,Challenging
17097,4,Challenging
17099,4,Challenging
17101,3,Exciting
17103,4,Challenging
17105,4,Challenging
17107,4,Challenging
17109,4,Challenging
17111,4,Challenging
17113,4,Challenging
17115,4,Challenging
17117,4,Challenging
17119,4,Challenging
17121,4,Challenging
17123,3,Exciting
17125,3,Exciting
17127,4,Challenging
17129,3,Exciting
17131,4,Challenging
17133,4,Challenging
17135,4,Challenging
17137,4,Challenging
17139,3,Exciting
17141,4,Challenging
17143,4,Challenging
17145,4,Challenging
17147,3,Exciting
17149,4,Challenging
17151,4,Challenging
17153,4,Challenging
17155,4,Challenging
17157,4,Challenging
17159,3,Exciting
17161,4,Challenging
17163,4,Challenging
17165,4,Challenging
17167,4,Challenging
17169,3,Exciting
17171,3,Exciting
17173,3,Exciting
17175,3,Exciting
17177,4,Challenging
17179,4,Challenging
17181,4,Challenging
17183,4,Challenging
17185,4,Challenging
17187,4,Challenging
17189,4,Challenging
17191,4,Challenging
17193,4,Challenging
17195,4,Challenging
17197,4,Challenging
17199,4,Challenging
17201,4,Challenging
17203,4,Challenging
18001,3,Exciting
18003,4,Challenging
18005,3,Exciting
18007,3,Exciting
18009,3,Exciting
18011,4,Challenging
18013,3,Exciting
18015,3,Exciting
18017,3,Exciting
18019,4,Challenging
18021,3,Exciting
18023,3,Exciting
18025,4,Challenging
18027,4,Challenging
18029,4,Challenging
18031,3,Exciting
18033,3,Exciting
18035,4,Challenging
18037,4,Challenging
18039,4,Challenging
18041,3,Exciting
18043,3,Exciting
18045,3,Exciting
18047,3,Exciting
18049,3,Exciting
18051,4,Challenging
18053,4,Challenging
18055,4,Challenging
18057,4,Challenging
18059,3,Exciting
18061,4,Challenging
18063,4,Challenging
18065,3,Exciting
18067,3,Exciting
18069,4,Challenging
18071,4,Challenging
18073,3,Exciting
18075,3,Exciting
18077,3,Exciting
18079,3,Exciting
18081,4,Challenging
18083,4,Challenging
18085,4,Challenging
18087,3,Exciting
18089,4,Challenging
18091,4,Challenging
18093,4,Challenging
18095,4,Challenging
18097,4,Challenging
18099,3,Exciting
18101,3,Exciting
18103,4,Challenging
18105,4,Challenging
18107,3,Exciting
18109,4,Challenging
18111,3,Exciting
18113,3,Exciting
18115,3,Exciting
18117,3,Exciting
18119,3,Exciting
18121,4,Challenging
18123,3,Exciting
18125,4,Challenging
18127,4,Challenging
18129,4,Challenging
18131,3,Exciting
18133,4,Challenging
18135,3,Exciting
18137,4,Challenging
18139,3,Exciting
18141,4,Challenging
18143,3,Exciting
18145,3,Exciting
18147,4,Challenging
18149,3,Exciting
18151,3,Exciting
18153,3,Exciting
18155,3,Exciting
18157,4,Challenging
18159,3,Exciting
18161,3,Exciting
18163,4,Challenging
18165,3,Exciting
18167,4,Challenging
18169,3,Exciting
18171,3,Exciting
18173,4,Challenging
18175,3,Exciting
18177,4,Challenging
18179,3,Exciting
18181,3,Exciting
18183,4,Challenging
19001,4,Challenging
19003,4,Challenging
19005,4,Challenging
19007,4,Challenging
19009,4,Challenging
19011,4,Challenging
19013,4,Challenging
19015,4,Challenging
19017,4,Challenging
19019,4,Challenging
19021,4,Challenging
19023,4,Challenging
19025,4,Challenging
19027,4,Challenging
19029,4,Challenging
19031,4,Challenging
19033,4,Challenging
19035,4,Challenging
19037,4,Challenging
19039,4,Challenging
19041,4,Challenging
19043,4,Challenging
19045,4,Challenging
19047,4,Challenging
19049,4,Challenging
19051,4,Challenging
19053,4,Challenging
19055,4,Challenging
19057,4,Challenging
19059,4,Challenging
19061,4,Challenging
19063,4,Challenging
19065,4,Challenging
19067,4,Challenging
19069,4,Challenging
19071,4,Challenging
19073,4,Challenging
19075,4,Challenging
19077,4,Challenging
19079,4,Challenging
19081,4,Challenging
19083,4,Challenging
19085,4,Challenging
19087,4,Challenging
19089,4,Challenging
19091,4,Challenging
19093,4,Challenging
19095,4,Challenging
19097,4,Challenging
19099,4,Challenging
19101,4,Challenging
19103,4,Challenging
19105,4,Challenging
19107,4,Challenging
19109,4,Challenging
19111,4,Challenging
19113,4,Challenging
19115,4,Challenging
19117,4,Challenging
19119,4,Challenging
19121,4,Challenging
19123,4,Challenging
19125,4,Challenging
19127,4,Challenging
19129,4,Challenging
19131,4,Challenging
19133,4,Challenging
19135,4,Challenging
19137,3,Exciting
19139,4,Challenging
19141,4,Challenging
19143,4,Challenging
19145,4,Challenging
19147,4,Challenging
19149,4,Challenging
19151,4,Challenging
19153,5,Get out!
19155,4,Challenging
19157,4,Challenging
19159,4,Challenging
19161,4,Challenging
19163,4,Challenging
19165,4,Challenging
19167,4,Challenging
19169,4,Challenging
19171,4,Challenging
19173,4,Challenging
19175,4,Challenging
19177,4,Challenging
19179,4,Challenging
19181,4,Challenging
19183,4,Challenging
19185,4,Challenging
19187,4,Challenging
19189,4,Challenging
19191,4,Challenging
19193,4,Challenging
19195,4,Challenging
19197,4,Challenging
20001,4,Challenging
20003,4,Challenging
20005,3,Exciting
20007,4,Challenging
20009,4,Challenging
20011,4,Challenging
20013,4,Challenging
20015,5,Get out!
20017,4,Challenging
20019,4,Challenging
20021,4,Challenging
20023,4,Challenging
20025,4,Challenging
20027,4,Challenging
20029,4,Challenging
20031,4,Challenging
20033,4,Challenging
20035,4,Challenging
20037,4,Challenging
20039,4,Challenging
20041,4,Challenging
20043,3,Exciting
20045,4,Challenging
20047,4,Challenging
20049,4,Challenging
20051,4,Challenging
20053,4,Challenging
20055,4,Challenging
20057,5,Get out!
20059,4,Challenging
20061,4,Challenging
20063,4,Challenging
20065,4,Challenging
20067,4,Challenging
20069,4,Challenging
20071,4,Challenging
20073,4,Challenging
20075,4,Challenging
20077,4,Challenging
20079,4,Challenging
20081,4,Challenging
20083,4,Challenging
20085,4,Challenging
20087,4,Challenging
20089,4,Challenging
20091,4,Challenging
20093,4,Challenging
20095,4,Challenging
20097,4,Challenging
20099,4,Challenging
20101,4,Challenging
20103,4,Challenging
20105,4,Challenging
20107,4,Challenging
20109,4,Challenging
20111,4,Challenging
20113,4,Challenging
20115,4,Challenging
20117,4,Challenging
20119,4,Challenging
20121,4,Challenging
20123,4,Challenging
20125,4,Challenging
20127,4,Challenging
20129,4,Challenging
20131,4,Challenging
20133,4,Challenging
20135,4,Challenging
20137,4,Challenging
20139,4,Challenging
20141,4,Challenging
20143,4,Challenging
20145,4,Challenging
20147,4,Challenging
20149,4,Challenging
20151,4,Challenging
20153,4,Challenging
20155,4,Challenging
20157,4,Challenging
20159,4,Challenging
20161,4,Challenging
20163,4,Challenging
20165,4,Challenging
20167,4,Challenging
20169,4,Challenging
20171,4,Challenging
20173,5,Get out!
20175,4,Challenging
20177,4,Challenging
20179,4,Challenging
20181,4,Challenging
20183,4,Challenging
20185,4,Challenging
20187,4,Challenging
20189,4,Challenging
20191,4,Challenging
20193,4,Challenging
20195,4,Challenging
20197,4,Challenging
20199,4,Challenging
20201,4,Challenging
20203,4,Challenging
20205,4,Challenging
20207,3,Exciting
20209,4,Challenging
21001,3,Exciting
21003,3,Exciting
21005,3,Exciting
21007,4,Challenging
21009,3,Exciting
21011,4,Challenging
21013,4,Challenging
21015,4,Challenging
21017,3,Exciting
21019,4,Challenging
21021,3,Exciting
21023,3,Exciting
21025,4,Challenging
21027,3,Exciting
21029,3,Exciting
21031,3,Exciting
21033,4,Challenging
21035,4,Challenging
21037,3,Exciting
21039,4,Challenging
21041,3,Exciting
21043,4,Challenging
21045,3,Exciting
21047,4,Challenging
21049,3,Exciting
21051,4,Challenging
21053,3,Exciting
21055,4,Challenging
21057,3,Exciting
21059,4,Challenging
21061,3,Exciting
21063,3,Exciting
21065,4,Challenging
21067,4,Challenging
21069,4,Challenging
21071,4,Challenging
21073,3,Exciting
21075,4,Challenging
21077,3,Exciting
21079,3,Exciting
21081,3,Exciting
21083,4,Challenging
21085,3,Exciting
21087,3,Exciting
21089,4,Challenging
21091,3,Exciting
21093,4,Challenging
21095,4,Challenging
21097,3,Exciting
21099,3,Exciting
21101,4,Challenging
21103,3,Exciting
21105,4,Challenging
21107,4,Challenging
21109,4,Challenging
21111,4,Challenging
21113,3,Exciting
21115,4,Challenging
21117,3,Exciting
21119,3,Exciting
21121,4,Challenging
21123,3,Exciting
21125,4,Challenging
21127,4,Challenging
21129,4,Challenging
21131,4,Challenging
21133,4,Challenging
21135,3,Exciting
21137,3,Exciting
21139,4,Challenging
21141,3,Exciting
21143,4,Challenging
21145,4,Challenging
21147,4,Challenging
21149,4,Challenging
21151,4,Challenging
21153,4,Challenging
21155,3,Exciting
21157,4,Challenging
21159,3,Exciting
21161,3,Exciting
21163,3,Exciting
21165,3,Exciting
21167,3,Exciting
21169,3,Exciting
21171,3,Exciting
21173,4,Challenging
21175,4,Challenging
21177,4,Challenging
21179,4,Challenging
21181,3,Exciting
21183,4,Challenging
21185,3,Exciting
21187,3,Exciting
21189,3,Exciting
21191,3,Exciting
21193,4,Challenging
21195,4,Challenging
21197,4,Challenging
21199,4,Challenging
21201,3,Exciting
21203,4,Challenging
21205,4,Challenging
21207,3,Exciting
21209,3,Exciting
21211,3,Exciting
21213,3,Exciting
21215,3,Exciting
21217,3,Exciting
21219,4,Challenging
21221,4,Challenging
21223,3,Exciting
21225,4,Challenging
21227,4,Challenging
21229,3,Exciting
21231,4,Challenging
21233,4,Challenging
21235,4,Challenging
21237,4,Challenging
21239,3,Exciting
22001,3,Exciting
22003,3,Exciting
22005,3,Exciting
22007,2,Reasonable
22009,3,Exciting
22011,4,Challenging
22013,4,Challenging
22015,4,Challenging
22017,4,Challenging
22019,4,Challenging
22021,3,Exciting
22023,3,Exciting
22025,3,Exciting
22027,4,Challenging
22029,3,Exciting
22031,4,Challenging
22033,4,Challenging
22035,3,Exciting
22037,3,Exciting
22039,3,Exciting
22041,4,Challenging
22043,3,Exciting
22045,3,Exciting
22047,3,Exciting
22049,3,Exciting
22051,4,Challenging
22053,3,Exciting
22055,3,Exciting
22057,3,Exciting
22059,3,Exciting
22061,4,Challenging
22063,3,Exciting
22065,3,Exciting
22067,4,Challenging
22069,4,Challenging
22071,3,Exciting
22073,4,Challenging
22075,3,Exciting
22077,3,Exciting
22079,4,Challenging
22081,3,Exciting
22083,3,Exciting
22085,4,Challenging
22087,3,Exciting
22089,3,Exciting
22091,3,Exciting
22093,3,Exciting
22095,3,Exciting
22097,3,Exciting
22099,3,Exciting
22101,3,Exciting
22103,4,Challenging
22105,3,Exciting
22107,3,Exciting
22109,3,Exciting
22111,4,Challenging
22113,3,Exciting
22115,3,Exciting
22117,3,Exciting
22119,4,Challenging
22121,2,Reasonable
22123,3,Exciting
22125,3,Exciting
22127,4,Challenging
23001,4,Challenging
23003,5,Get out!
23005,4,Challenging
23007,4,Challenging
23009,4,Challenging
23011,4,Challenging
23013,4,Challenging
23015,4,Challenging
23017,4,Challenging
23019,4,Challenging
23021,4,Challenging
23023,4,Challenging
23025,4,Challenging
23027,4,Challenging
23029,4,Challenging
23031,4,Challenging
24001,4,Challenging
24003,5,Get out!
24005,5,Get out!
24009,4,Challenging
24011,4,Challenging
24013,4,Challenging
24015,5,Get out!
24017,4,Challenging
24019,3,Exciting
24021,4,Challenging
24023,4,Challenging
24025,4,Challenging
24027,4,Challenging
24029,4,Challenging
24031,4,Challenging
24033,4,Challenging
24035,4,Challenging
24037,4,Challenging
24039,3,Exciting
24041,4,Challenging
24043,4,Challenging
24045,4,Challenging
24047,4,Challenging
24510,4,Challenging
25001,4,Challenging
25003,4,Challenging
25005,4,Challenging
25007,3,Exciting
25009,4,Challenging
25011,4,Challenging
25013,4,Challenging
25015,4,Challenging
25017,5,Get out!
25019,3,Exciting
25021,5,Get out!
25023,4,Challenging
25025,4,Challenging
25027,5,Get out!
26001,3,Exciting
26003,4,Challenging
26005,4,Challenging
26007,3,Exciting
26009,3,Exciting
26011,3,Exciting
26013,4,Challenging
26015,3,Exciting
26017,4,Challenging
26019,3,Exciting
26021,4,Challenging
26023,4,Challenging
26025,3,Exciting
26027,4,Challenging
26029,2,Reasonable
26031,3,Exciting
26033,2,Reasonable
26035,3,Exciting
26037,3,Exciting
26039,3,Exciting
26041,4,Challenging
26043,4,Challenging
26045,3,Exciting
26047,3,Exciting
26049,4,Challenging
26051,3,Exciting
26053,4,Challenging
26055,3,Exciting
26057,3,Exciting
26059,3,Exciting
26061,4,Challenging
26063,4,Challenging
26065,3,Exciting
26067,3,Exciting
26069,3,Exciting
26071,4,Challenging
26073,3,Exciting
26075,3,Exciting
26077,4,Challenging
26079,3,Exciting
26081,4,Challenging
26083,4,Challenging
26085,3,Exciting
26087,4,Challenging
26089,3,Exciting
26091,4,Challenging
26093,4,Challenging
26095,4,Challenging
26097,2,Reasonable
26099,4,Challenging
26101,3,Exciting
26103,4,Challenging
26105,3,Exciting
26107,3,Exciting
26109,4,Challenging
26111,4,Challenging
26113,3,Exciting
26115,4,Challenging
26117,3,Exciting
26119,3,Exciting
26121,3,Exciting
26123,3,Exciting
26125,4,Challenging
26127,3,Exciting
26129,3,Exciting
26131,4,Challenging
26133,3,Exciting
26135,3,Exciting
26137,3,Exciting
26139,4,Challenging
26141,3,Exciting
26143,3,Exciting
26145,4,Challenging
26147,4,Challenging
26149,4,Challenging
26151,4,Challenging
26153,4,Challenging
26155,4,Challenging
26157,4,Challenging
26159,4,Challenging
26161,4,Challenging
26163,4,Challenging
26165,3,Exciting
27001,4,Challenging
27003,4,Challenging
27005,4,Challenging
27007,4,Challenging
27009,3,Exciting
27011,4,Challenging
27013,4,Challenging
27015,4,Challenging
27017,4,Challenging
27019,4,Challenging
27021,4,Challenging
27023,4,Challenging
27025,3,Exciting
27027,4,Challenging
27029,4,Challenging
27031,4,Challenging
27033,4,Challenging
27035,4,Challenging
27037,4,Challenging
27039,4,Challenging
27041,4,Challenging
27043,4,Challenging
27045,4,Challenging
27047,4,Challenging
27049,4,Challenging
27051,4,Challenging
27053,4,Challenging
27055,4,Challenging
27057,4,Challenging
27059,3,Exciting
27061,4,Challenging
27063,4,Challenging
27065,3,Exciting
27067,4,Challenging
27069,4,Challenging
27071,3,Exciting
27073,4,Challenging
27075,4,Challenging
27077,4,Challenging
27079,3,Exciting
27081,4,Challenging
27083,4,Challenging
27085,4,Challenging
27087,4,Challenging
27089,4,Challenging
27091,4,Challenging
27093,4,Challenging
27095,3,Exciting
27097,4,Challenging
27099,4,Challenging
27101,4,Challenging
27103,4,Challenging
27105,4,Challenging
27107,4,Challenging
27109,4,Challenging
27111,4,Challenging
27113,4,Challenging
27115,4,Challenging
27117,4,Challenging
27119,4,Challenging
27121,4,Challenging
27123,4,Challenging
27125,4,Challenging
27127,4,Challenging
27129,4,Challenging
27131,4,Challenging
27133,4,Challenging
27135,4,Challenging
27137,5,Get out!
27139,4,Challenging
27141,4,Challenging
27143,4,Challenging
27145,4,Challenging
27147,3,Exciting
27149,4,Challenging
27151,4,Challenging
27153,4,Challenging
27155,3,Exciting
27157,4,Challenging
27159,4,Challenging
27161,4,Challenging
27163,4,Challenging
27165,3,Exciting
27167,4,Challenging
27169,4,Challenging
27171,4,Challenging
27173,4,Challenging
28001,4,Challenging
28003,3,Exciting
28005,3,Exciting
28007,4,Challenging
28009,3,Exciting
28011,4,Challenging
28013,3,Exciting
28015,4,Challenging
28017,3,Exciting
28019,3,Exciting
28021,3,Exciting
28023,4,Challenging
28025,3,Exciting
28027,3,Exciting
28029,4,Challenging
28031,4,Challenging
28033,4,Challenging
28035,4,Challenging
28037,3,Exciting
28039,3,Exciting
28041,3,Exciting
28043,4,Challenging
28045,3,Exciting
28047,4,Challenging
28049,4,Challenging
28051,4,Challenging
28053,3,Exciting
28055,3,Exciting
28057,3,Exciting
28059,3,Exciting
28061,4,Challenging
28063,3,Exciting
28065,4,Challenging
28067,4,Challenging
28069,3,Exciting
28071,3,Exciting
28073,4,Challenging
28075,4,Challenging
28077,4,Challenging
28079,4,Challenging
28081,4,Challenging
28083,4,Challenging
28085,4,Challenging
28087,4,Challenging
28089,4,Challenging
28091,4,Challenging
28093,3,Exciting
28095,4,Challenging
28097,3,Exciting
28099,4,Challenging
28101,4,Challenging
28103,3,Exciting
28105,4,Challenging
28107,3,Exciting
28109,3,Exciting
28111,3,Exciting
28113,3,Exciting
28115,3,Exciting
28117,3,Exciting
28119,3,Exciting
28121,4,Challenging
28123,4,Challenging
28125,3,Exciting
28127,4,Challenging
28129,4,Challenging
28131,3,Exciting
28133,4,Challenging
28135,3,Exciting
28137,3,Exciting
28139,3,Exciting
28141,3,Exciting
28143,3,Exciting
28145,3,Exciting
28147,3,Exciting
28149,4,Challenging
28151,4,Challenging
28153,3,Exciting
28155,3,Exciting
28157,3,Exciting
28159,3,Exciting
28161,3,Exciting
28163,4,Challenging
29001,3,Exciting
29003,3,Exciting
29005,4,Challenging
29007,4,Challenging
29009,4,Challenging
29011,4,Challenging
29013,4,Challenging
29015,4,Challenging
29017,4,Challenging
29019,4,Challenging
29021,4,Challenging
29023,4,Challenging
29025,3,Exciting
29027,4,Challenging
29029,4,Challenging
29031,4,Challenging
29033,3,Exciting
29035,4,Challenging
29037,4,Challenging
29039,4,Challenging
29041,4,Challenging
29043,4,Challenging
29045,4,Challenging
29047,4,Challenging
29049,4,Challenging
29051,4,Challenging
29053,4,Challenging
29055,4,Challenging
29057,4,Challenging
29059,4,Challenging
29061,4,Challenging
29063,3,Exciting
29065,4,Challenging
29067,4,Challenging
29069,4,Challenging
29071,4,Challenging
29073,4,Challenging
29075,3,Exciting
29077,5,Get out!
29079,4,Challenging
29081,4,Challenging
29083,4,Challenging
29085,4,Challenging
29087,3,Exciting
29089,3,Exciting
29091,4,Challenging
29093,3,Exciting
29095,4,Challenging
29097,4,Challenging
29099,4,Challenging
29101,4,Challenging
29103,3,Exciting
29105,4,Challenging
29107,4,Challenging
29109,4,Challenging
29111,4,Challenging
29113,4,Challenging
29115,3,Exciting
29117,4,Challenging
29119,4,Challenging
29121,4,Challenging
29123,3,Exciting
29125,3,Exciting
29127,4,Challenging
29129,3,Exciting
29131,4,Challenging
29133,4,Challenging
29135,3,Exciting
29137,3,Exciting
29139,4,Challenging
29141,4,Challenging
29143,4,Challenging
29145,4,Challenging
29147,4,Challenging
29149,4,Challenging
29151,3,Exciting
29153,4,Challenging
29155,3,Exciting
29157,4,Challenging
29159,4,Challenging
29161,4,Challenging
29163,4,Challenging
29165,4,Challenging
29167,4,Challenging
29169,4,Challenging
29171,3,Exciting
29173,3,Exciting
29175,3,Exciting
29177,3,Exciting
29179,3,Exciting
29181,4,Challenging
29183,4,Challenging
29185,4,Challenging
29186,3,Exciting
29187,4,Challenging
29189,4,Challenging
29195,4,Challenging
29197,3,Exciting
29199,4,Challenging
29201,4,Challenging
29203,4,Challenging
29205,3,Exciting
29207,4,Challenging
29209,4,Challenging
29211,3,Exciting
29213,4,Challenging
29215,4,Challenging
29217,4,Challenging
29219,4,Challenging
29221,4,Challenging
29223,4,Challenging
29225,4,Challenging
29227,3,Exciting
29229,4,Challenging
29510,4,Challenging
30001,3,Exciting
30003,4,Challenging
30005,4,Challenging
30007,3,Exciting
30009,4,Challenging
30011,4,Challenging
30013,4,Challenging
30015,4,Challenging
30017,4,Challenging
30019,4,Challenging
30021,4,Challenging
30023,4,Challenging
30025,4,Challenging
30027,4,Challenging
30029,4,Challenging
30031,4,Challenging
30033,4,Challenging
30035,5,Get out!
30037,3,Exciting
30039,4,Challenging
30041,4,Challenging
30043,3,Exciting
30045,4,Challenging
30047,4,Challenging
30049,4,Challenging
30051,3,Exciting
30053,4,Challenging
30055,4,Challenging
30057,4,Challenging
30059,3,Exciting
30061,4,Challenging
30063,4,Challenging
30065,4,Challenging
30067,4,Challenging
30069,3,Exciting
30071,4,Challenging
30073,4,Challenging
30075,4,Challenging
30077,4,Challenging
30079,4,Challenging
30081,4,Challenging
30083,4,Challenging
30085,4,Challenging
30087,4,Challenging
30089,4,Challenging
30091,4,Challenging
30093,4,Challenging
30095,4,Challenging
30097,4,Challenging
30099,4,Challenging
30101,4,Challenging
30103,3,Exciting
30105,5,Get out!
30107,4,Challenging
30109,4,Challenging
30111,4,Challenging
31001,4,Challenging
31003,4,Challenging
31005,4,Challenging
31007,3,Exciting
31009,4,Challenging
31011,4,Challenging
31013,4,Challenging
31015,3,Exciting
31017,4,Challenging
31019,4,Challenging
31021,4,Challenging
31023,4,Challenging
31025,4,Challenging
31027,4,Challenging
31029,4,Challenging
31031,5,Get out!
31033,4,Challenging
31035,4,Challenging
31037,4,Challenging
31039,4,Challenging
31041,4,Challenging
31043,4,Challenging
31045,4,Challenging
31047,4,Challenging
31049,4,Challenging
31051,4,Challenging
31053,4,Challenging
31055,4,Challenging
31057,4,Challenging
31059,4,Challenging
31061,4,Challenging
31063,4,Challenging
31065,4,Challenging
31067,4,Challenging
31069,4,Challenging
31071,4,Challenging
31073,4,Challenging
31075,4,Challenging
31077,3,Exciting
31079,4,Challenging
31081,4,Challenging
31083,4,Challenging
31085,4,Challenging
31087,4,Challenging
31089,4,Challenging
31091,4,Challenging
31093,4,Challenging
31095,4,Challenging
31097,3,Exciting
31099,4,Challenging
31101,4,Challenging
31103,3,Exciting
31105,4,Challenging
31107,4,Challenging
31109,4,Challenging
31111,5,Get out!
31113,4,Challenging
31115,3,Exciting
31117,4,Challenging
31119,4,Challenging
31121,4,Challenging
31123,4,Challenging
31125,3,Exciting
31127,4,Challenging
31129,4,Challenging
31131,4,Challenging
31133,3,Exciting
31135,4,Challenging
31137,4,Challenging
31139,4,Challenging
31141,4,Challenging
31143,4,Challenging
31145,4,Challenging
31147,4,Challenging
31149,4,Challenging
31151,4,Challenging
31153,4,Challenging
31155,4,Challenging
31157,4,Challenging
31159,4,Challenging
31161,4,Challenging
31163,4,Challenging
31165,4,Challenging
31167,4,Challenging
31169,4,Challenging
31171,4,Challenging
31173,4,Challenging
31175,4,Challenging
31177,4,Challenging
31179,4,Challenging
31181,4,Challenging
31183,3,Exciting
31185,4,Challenging
32001,3,Exciting
32003,5,Get out!
32005,5,Get out!
32007,4,Challenging
32009,3,Exciting
32011,3,Exciting
32013,3,Exciting
32015,3,Exciting
32017,3,Exciting
32019,5,Get out!
32021,3,Exciting
32023,4,Challenging
32027,3,Exciting
32029,4,Challenging
32031,5,Get out!
32033,3,Exciting
32510,5,Get out!
33001,4,Challenging
33003,4,Challenging
33005,4,Challenging
33007,4,Challenging
33009,4,Challenging
33011,4,Challenging
33013,4,Challenging
33015,4,Challenging
33017,4,Challenging
33019,4,Challenging
34001,5,Get out!
34003,4,Challenging
34005,5,Get out!
34007,4,Challenging
34009,5,Get out!
34011,4,Challenging
34013,4,Challenging
34015,4,Challenging
34017,4,Challenging
34019,4,Challenging
34021,4,Challenging
34023,4,Challenging
34025,5,Get out!
34027,4,Challenging
34029,5,Get out!
34031,4,Challenging
34033,4,Challenging
34035,4,Challenging
34037,4,Challenging
34039,4,Challenging
34041,4,Challenging
35001,4,Challenging
35003,4,Challenging
35005,4,Challenging
35006,4,Challenging
35007,4,Challenging
35009,4,Challenging
35011,4,Challenging
35013,4,Challenging
35015,4,Challenging
35017,4,Challenging
35019,4,Challenging
35021,3,Exciting
35023,3,Exciting
35025,4,Challenging
35027,4,Challenging
35028,3,Exciting
35029,3,Exciting
35031,4,Challenging
35033,4,Challenging
35035,4,Challenging
35037,4,Challenging
35039,4,Challenging
35041,4,Challenging
35043,4,Challenging
35045,4,Challenging
35047,4,Challenging
35049,4,Challenging
35051,3,Exciting
35053,4,Challenging
35055,4,Challenging
35057,4,Challenging
35059,4,Challenging
35061,4,Challenging
36001,4,Challenging
36003,4,Challenging
36005,3,Exciting
36007,4,Challenging
36009,4,Challenging
36011,4,Challenging
36013,4,Challenging
36015,4,Challenging
36017,4,Challenging
36019,4,Challenging
36021,4,Challenging
36023,4,Challenging
36025,4,Challenging
36027,4,Challenging
36029,4,Challenging
36031,4,Challenging
36033,4,Challenging
36035,4,Challenging
36037,4,Challenging
36039,4,Challenging
36041,4,Challenging
36043,4,Challenging
36045,4,Challenging
36047,3,Exciting
36049,4,Challenging
36051,4,Challenging
36053,4,Challenging
36055,4,Challenging
36057,4,Challenging
36059,4,Challenging
36061,3,Exciting
36063,4,Challenging
36065,4,Challenging
36067,4,Challenging
36069,4,Challenging
36071,4,Challenging
36073,3,Exciting
36075,4,Challenging
36077,4,Challenging
36079,4,Challenging
36081,4,Challenging
36083,4,Challenging
36085,3,Exciting
36087,4,Challenging
36089,4,Challenging
36091,4,Challenging
36093,4,Challenging
36095,4,Challenging
36097,3,Exciting
36099,3,Exciting
36101,4,Challenging
36103,5,Get out!
36105,4,Challenging
36107,4,Challenging
36109,4,Challenging
36111,4,Challenging
36113,4,Challenging
36115,4,Challenging
36117,4,Challenging
36119,4,Challenging
36121,4,Challenging
36123,3,Exciting
37001,4,Challenging
37003,4,Challenging
37005,3,Exciting
37007,3,Exciting
37009,4,Challenging
37011,4,Challenging
37013,4,Challenging
37015,3,Exciting
37017,4,Challenging
37019,4,Challenging
37021,4,Challenging
37023,4,Challenging
37025,4,Challenging
37027,4,Challenging
37029,3,Exciting
37031,4,Challenging
37033,4,Challenging
37035,4,Challenging
37037,4,Challenging
37039,3,Exciting
37041,3,Exciting
37043,3,Exciting
37045,4,Challenging
37047,4,Challenging
37049,4,Challenging
37051,4,Challenging
37053,3,Exciting
37055,3,Exciting
37057,4,Challenging
37059,4,Challenging
37061,4,Challenging
37063,4,Challenging
37065,3,Exciting
37067,4,Challenging
37069,4,Challenging
37071,4,Challenging
37073,3,Exciting
37075,4,Challenging
37077,3,Exciting
37079,3,Exciting
37081,4,Challenging
37083,4,Challenging
37085,4,Challenging
37087,4,Challenging
37089,4,Challenging
37091,3,Exciting
37093,3,Exciting
37095,3,Exciting
37097,4,Challenging
37099,4,Challenging
37101,4,Challenging
37103,3,Exciting
37105,3,Exciting
37107,4,Challenging
37109,4,Challenging
37111,4,Challenging
37113,4,Challenging
37115,4,Challenging
37117,3,Exciting
37119,4,Challenging
37121,4,Challenging
37123,3,Exciting
37125,4,Challenging
37127,4,Challenging
37129,4,Challenging
37131,3,Exciting
37133,4,Challenging
37135,4,Challenging
37137,3,Exciting
37139,3,Exciting
37141,4,Challenging
37143,3,Exciting
37145,4,Challenging
37147,4,Challenging
37149,4,Challenging
37151,4,Challenging
37153,3,Exciting
37155,4,Challenging
37157,4,Challenging
37159,4,Challenging
37161,4,Challenging
37163,4,Challenging
37165,3,Exciting
37167,4,Challenging
37169,4,Challenging
37171,4,Challenging
37173,4,Challenging
37175,4,Challenging
37177,3,Exciting
37179,4,Challenging
37181,3,Exciting
37183,4,Challenging
37185,3,Exciting
37187,3,Exciting
37189,4,Challenging
37191,4,Challenging
37193,4,Challenging
37195,3,Exciting
37197,4,Challenging
37199,4,Challenging
38001,4,Challenging
38003,4,Challenging
38005,4,Challenging
38007,3,Exciting
38009,4,Challenging
38011,4,Challenging
38013,3,Exciting
38015,4,Challenging
38017,4,Challenging
38019,4,Challenging
38021,4,Challenging
38023,3,Exciting
38025,4,Challenging
38027,4,Challenging
38029,4,Challenging
38031,3,Exciting
38033,4,Challenging
38035,4,Challenging
38037,4,Challenging
38039,4,Challenging
38041,4,Challenging
38043,4,Challenging
38045,4,Challenging
38047,3,Exciting
38049,4,Challenging
38051,4,Challenging
38053,4,Challenging
38055,4,Challenging
38057,4,Challenging
38059,4,Challenging
38061,4,Challenging
38063,4,Challenging
38065,3,Exciting
38067,4,Challenging
38069,3,Exciting
38071,4,Challenging
38073,4,Challenging
38075,3,Exciting
38077,4,Challenging
38079,3,Exciting
38081,4,Challenging
38083,3,Exciting
38085,4,Challenging
38087,3,Exciting
38089,4,Challenging
38091,4,Challenging
38093,4,Challenging
38095,4,Challenging
38097,4,Challenging
38099,4,Challenging
38101,4,Challenging
38103,4,Challenging
38105,4,Challenging
39001,4,Challenging
39003,3,Exciting
39005,4,Challenging
39007,4,Challenging
39009,4,Challenging
39011,4,Challenging
39013,4,Challenging
39015,4,Challenging
39017,4,Challenging
39019,4,Challenging
39021,4,Challenging
39023,4,Challenging
39025,4,Challenging
39027,4,Challenging
39029,4,Challenging
39031,4,Challenging
39033,4,Challenging
39035,4,Challenging
39037,4,Challenging
39039,3,Exciting
39041,4,Challenging
39043,4,Challenging
39045,4,Challenging
39047,4,Challenging
39049,4,Challenging
39051,3,Exciting
39053,4,Challenging
39055,4,Challenging
39057,4,Challenging
39059,4,Challenging
39061,4,Challenging
39063,4,Challenging
39065,3,Exciting
39067,3,Exciting
39069,3,Exciting
39071,4,Challenging
39073,4,Challenging
39075,4,Challenging
39077,4,Challenging
39079,4,Challenging
39081,4,Challenging
39083,4,Challenging
39085,4,Challenging
39087,4,Challenging
39089,4,Challenging
39091,4,Challenging
39093,4,Challenging
39095,4,Challenging
39097,3,Exciting
39099,4,Challenging
39101,4,Challenging
39103,4,Challenging
39105,4,Challenging
39107,4,Challenging
39109,4,Challenging
39111,3,Exciting
39113,4,Challenging
39115,3,Exciting
39117,3,Exciting
39119,4,Challenging
39121,3,Exciting
39123,4,Challenging
39125,3,Exciting
39127,4,Challenging
39129,4,Challenging
39131,4,Challenging
39133,4,Challenging
39135,4,Challenging
39137,3,Exciting
39139,4,Challenging
39141,4,Challenging
39143,4,Challenging
39145,4,Challenging
39147,4,Challenging
39149,4,Challenging
39151,4,Challenging
39153,4,Challenging
39155,4,Challenging
39157,4,Challenging
39159,3,Exciting
39161,4,Challenging
39163,3,Exciting
39165,4,Challenging
39167,4,Challenging
39169,4,Challenging
39171,3,Exciting
39173,4,Challenging
39175,3,Exciting
40001,4,Challenging
40003,4,Challenging
40005,4,Challenging
40007,4,Challenging
40009,4,Challenging
40011,4,Challenging
40013,4,Challenging
40015,4,Challenging
40017,4,Challenging
40019,4,Challenging
40021,4,Challenging
40023,4,Challenging
40025,4,Challenging
40027,4,Challenging
40029,3,Exciting
40031,4,Challenging
40033,4,Challenging
40035,4,Challenging
40037,4,Challenging
40039,4,Challenging
40041,4,Challenging
40043,4,Challenging
40045,4,Challenging
40047,4,Challenging
40049,4,Challenging
40051,4,Challenging
40053,4,Challenging
40055,4,Challenging
40057,4,Challenging
40059,4,Challenging
40061,4,Challenging
40063,4,Challenging
40065,4,Challenging
40067,4,Challenging
40069,4,Challenging
40071,4,Challenging
40073,4,Challenging
40075,4,Challenging
40077,4,Challenging
40079,4,Challenging
40081,4,Challenging
40083,4,Challenging
40085,3,Exciting
40087,4,Challenging
40089,4,Challenging
40091,4,Challenging
40093,4,Challenging
40095,3,Exciting
40097,4,Challenging
40099,4,Challenging
40101,4,Challenging
40103,4,Challenging
40105,4,Challenging
40107,4,Challenging
40109,5,Get out!
40111,4,Challenging
40113,4,Challenging
40115,4,Challenging
40117,4,Challenging
40119,4,Challenging
40121,4,Challenging
40123,4,Challenging
40125,4,Challenging
40127,4,Challenging
40129,4,Challenging
40131,4,Challenging
40133,4,Challenging
40135,4,Challenging
40137,4,Challenging
40139,4,Challenging
40141,4,Challenging
40143,5,Get out!
40145,4,Challenging
40147,4,Challenging
40149,4,Challenging
40151,4,Challenging
40153,4,Challenging
41001,3,Exciting
41003,4,Challenging
41005,4,Challenging
41007,4,Challenging
41009,4,Challenging
41011,4,Challenging
41013,3,Exciting
41015,5,Get out!
41017,4,Challenging
41019,4,Challenging
41021,3,Exciting
41023,3,Exciting
41025,3,Exciting
41027,4,Challenging
41029,4,Challenging
41031,4,Challenging
41033,4,Challenging
41035,4,Challenging
41037,4,Challenging
41039,4,Challenging
41041,4,Challenging
41043,4,Challenging
41045,3,Exciting
41047,4,Challenging
41049,3,Exciting
41051,4,Challenging
41053,4,Challenging
41055,3,Exciting
41057,4,Challenging
41059,4,Challenging
41061,4,Challenging
41063,3,Exciting
41065,3,Exciting
41067,4,Challenging
41069,3,Exciting
41071,4,Challenging
42001,4,Challenging
42003,5,Get out!
42005,4,Challenging
42007,4,Challenging
42009,3,Exciting
42011,5,Get out!
42013,3,Exciting
42015,4,Challenging
42017,4,Challenging
42019,4,Challenging
42021,4,Challenging
42023,3,Exciting
42025,4,Challenging
42027,4,Challenging
42029,4,Challenging
42031,4,Challenging
42033,4,Challenging
42035,4,Challenging
42037,4,Challenging
42039,4,Challenging
42041,4,Challenging
42043,4,Challenging
42045,4,Challenging
42047,3,Exciting
42049,4,Challenging
42051,4,Challenging
42053,3,Exciting
42055,4,Challenging
42057,3,Exciting
42059,3,Exciting
42061,4,Challenging
42063,4,Challenging
42065,4,Challenging
42067,3,Exciting
42069,4,Challenging
42071,4,Challenging
42073,4,Challenging
42075,4,Challenging
42077,4,Challenging
42079,4,Challenging
42081,4,Challenging
42083,4,Challenging
42085,4,Challenging
42087,3,Exciting
42089,4,Challenging
42091,4,Challenging
42093,3,Exciting
42095,4,Challenging
42097,4,Challenging
42099,3,Exciting
42101,4,Challenging
42103,3,Exciting
42105,3,Exciting
42107,4,Challenging
42109,3,Exciting
42111,4,Challenging
42113,3,Exciting
42115,4,Challenging
42117,4,Challenging
42119,3,Exciting
42121,4,Challenging
42123,4,Challenging
42125,4,Challenging
42127,4,Challenging
42129,4,Challenging
42131,3,Exciting
42133,4,Challenging
44001,3,Exciting
44003,4,Challenging
44005,3,Exciting
44007,4,Challenging
44009,4,Challenging
45001,4,Challenging
45003,4,Challenging
45005,3,Exciting
45007,4,Challenging
45009,3,Exciting
45011,3,Exciting
45013,4,Challenging
45015,4,Challenging
45017,3,Exciting
45019,5,Get out!
45021,4,Challenging
45023,4,Challenging
45025,4,Challenging
45027,4,Challenging
45029,4,Challenging
45031,4,Challenging
45033,3,Exciting
45035,4,Challenging
45037,3,Exciting
45039,4,Challenging
45041,4,Challenging
45043,4,Challenging
45045,4,Challenging
45047,4,Challenging
45049,4,Challenging
45051,4,Challenging
45053,4,Challenging
45055,4,Challenging
45057,4,Challenging
45059,4,Challenging
45061,3,Exciting
45063,4,Challenging
45065,3,Exciting
45067,3,Exciting
45069,3,Exciting
45071,4,Challenging
45073,4,Challenging
45075,4,Challenging
45077,4,Challenging
45079,4,Challenging
45081,3,Exciting
45083,4,Challenging
45085,4,Challenging
45087,4,Challenging
45089,3,Exciting
45091,4,Challenging
46003,4,Challenging
46005,4,Challenging
46007,4,Challenging
46009,4,Challenging
46011,4,Challenging
46013,4,Challenging
46015,4,Challenging
46017,3,Exciting
46019,4,Challenging
46021,4,Challenging
46023,4,Challenging
46025,4,Challenging
46027,4,Challenging
46029,4,Challenging
46031,4,Challenging
46033,4,Challenging
46035,4,Challenging
46037,4,Challenging
46039,4,Challenging
46041,4,Challenging
46043,4,Challenging
46045,4,Challenging
46047,4,Challenging
46049,4,Challenging
46051,4,Challenging
46053,4,Challenging
46055,4,Challenging
46057,4,Challenging
46059,4,Challenging
46061,4,Challenging
46063,4,Challenging
46065,4,Challenging
46067,4,Challenging
46069,4,Challenging
46071,4,Challenging
46073,4,Challenging
46075,4,Challenging
46077,4,Challenging
46079,4,Challenging
46081,4,Challenging
46083,4,Challenging
46085,4,Challenging
46087,4,Challenging
46089,4,Challenging
46091,4,Challenging
46093,5,Get out!
46095,4,Challenging
46097,4,Challenging
46099,4,Challenging
46101,4,Challenging
46103,5,Get out!
46105,4,Challenging
46107,4,Challenging
46109,4,Challenging
46111,4,Challenging
46113,2,Reasonable
46115,4,Challenging
46117,4,Challenging
46119,4,Challenging
46121,4,Challenging
46123,4,Challenging
46125,4,Challenging
46127,4,Challenging
46129,4,Challenging
46135,4,Challenging
46137,4,Challenging
47001,4,Challenging
47003,4,Challenging
47005,3,Exciting
47007,3,Exciting
47009,4,Challenging
47011,4,Challenging
47013,3,Exciting
47015,3,Exciting
47017,4,Challenging
47019,4,Challenging
47021,3,Exciting
47023,3,Exciting
47025,3,Exciting
47027,3,Exciting
47029,4,Challenging
47031,4,Challenging
47033,3,Exciting
47035,4,Challenging
47037,4,Challenging
47039,3,Exciting
47041,3,Exciting
47043,4,Challenging
47045,3,Exciting
47047,4,Challenging
47049,4,Challenging
47051,4,Challenging
47053,4,Challenging
47055,3,Exciting
47057,3,Exciting
47059,4,Challenging
47061,3,Exciting
47063,3,Exciting
47065,4,Challenging
47067,3,Exciting
47069,3,Exciting
47071,3,Exciting
47073,3,Exciting
47075,3,Exciting
47077,4,Challenging
47079,4,Challenging
47081,4,Challenging
47083,3,Exciting
47085,3,Exciting
47087,3,Exciting
47089,3,Exciting
47091,3,Exciting
47093,4,Challenging
47095,3,Exciting
47097,3,Exciting
47099,4,Challenging
47101,3,Exciting
47103,4,Challenging
47105,4,Challenging
47107,4,Challenging
47109,3,Exciting
47111,3,Exciting
47113,4,Challenging
47115,4,Challenging
47117,3,Exciting
47119,4,Challenging
47121,3,Exciting
47123,4,Challenging
47125,4,Challenging
47127,3,Exciting
47129,4,Challenging
47131,3,Exciting
47133,4,Challenging
47135,3,Exciting
47137,3,Exciting
47139,3,Exciting
47141,4,Challenging
47143,3,Exciting
47145,4,Challenging
47147,4,Challenging
47149,4,Challenging
47151,3,Exciting
47153,3,Exciting
47155,4,Challenging
47157,4,Challenging
47159,3,Exciting
47161,3,Exciting
47163,4,Challenging
47165,4,Challenging
47167,4,Challenging
47169,3,Exciting
47171,3,Exciting
47173,3,Exciting
47175,3,Exciting
47177,3,Exciting
47179,4,Challenging
47181,3,Exciting
47183,3,Exciting
47185,3,Exciting
47187,4,Challenging
47189,4,Challenging
48001,4,Challenging
48003,3,Exciting
48005,4,Challenging
48007,3,Exciting
48009,4,Challenging
48011,4,Challenging
48013,3,Exciting
48015,3,Exciting
48017,4,Challenging
48019,3,Exciting
48021,4,Challenging
48023,4,Challenging
48025,3,Exciting
48027,4,Challenging
48029,4,Challenging
48031,3,Exciting
48033,3,Exciting
48035,4,Challenging
48037,4,Challenging
48039,4,Challenging
48041,3,Exciting
48043,4,Challenging
48045,4,Challenging
48047,3,Exciting
48049,4,Challenging
48051,3,Exciting
48053,4,Challenging
48055,3,Exciting
48057,3,Exciting
48059,4,Challenging
48061,4,Challenging
48063,3,Exciting
48065,4,Challenging
48067,4,Challenging
48069,4,Challenging
48071,3,Exciting
48073,4,Challenging
48075,4,Challenging
48077,4,Challenging
48079,4,Challenging
48081,3,Exciting
48083,4,Challenging
48085,4,Challenging
48087,4,Challenging
48089,3,Exciting
48091,4,Challenging
48093,4,Challenging
48095,3,Exciting
48097,4,Challenging
48099,4,Challenging
48101,4,Challenging
48103,3,Exciting
48105,3,Exciting
48107,4,Challenging
48109,4,Challenging
48111,4,Challenging
48113,4,Challenging
48115,3,Exciting
48117,4,Challenging
48119,3,Exciting
48121,4,Challenging
48123,3,Exciting
48125,4,Challenging
48127,3,Exciting
48129,4,Challenging
48131,3,Exciting
48133,4,Challenging
48135,4,Challenging
48137,3,Exciting
48139,4,Challenging
48141,4,Challenging
48143,4,Challenging
48145,3,Exciting
48147,4,Challenging
48149,3,Exciting
48151,4,Challenging
48153,4,Challenging
48155,3,Exciting
48157,4,Challenging
48159,3,Exciting
48161,3,Exciting
48163,3,Exciting
48165,4,Challenging
48167,4,Challenging
48169,4,Challenging
48171,4,Challenging
48173,3,Exciting
48175,3,Exciting
48177,3,Exciting
48179,4,Challenging
48181,4,Challenging
48183,4,Challenging
48185,3,Exciting
48187,3,Exciting
48189,4,Challenging
48191,4,Challenging
48193,4,Challenging
48195,4,Challenging
48197,4,Challenging
48199,3,Exciting
48201,5,Get out!
48203,4,Challenging
48205,4,Challenging
48207,4,Challenging
48209,4,Challenging
48211,4,Challenging
48213,4,Challenging
48215,4,Challenging
48217,4,Challenging
48219,4,Challenging
48221,4,Challenging
48223,4,Challenging
48225,3,Exciting
48227,4,Challenging
48229,3,Exciting
48231,4,Challenging
48233,4,Challenging
48235,3,Exciting
48237,4,Challenging
48239,3,Exciting
48241,3,Exciting
48243,3,Exciting
48245,4,Challenging
48247,3,Exciting
48249,4,Challenging
48251,4,Challenging
48253,4,Challenging
48255,3,Exciting
48257,4,Challenging
48259,3,Exciting
48261,3,Exciting
48263,4,Challenging
48265,4,Challenging
48267,3,Exciting
48269,4,Challenging
48271,3,Exciting
48273,3,Exciting
48275,4,Challenging
48277,4,Challenging
48279,4,Challenging
48281,3,Exciting
48283,3,Exciting
48285,3,Exciting
48287,3,Exciting
48289,3,Exciting
48291,3,Exciting
48293,4,Challenging
48295,4,Challenging
48297,3,Exciting
48299,4,Challenging
48301,3,Exciting
48303,4,Challenging
48305,4,Challenging
48307,4,Challenging
48309,4,Challenging
48311,3,Exciting
48313,3,Exciting
48315,3,Exciting
48317,3,Exciting
48319,3,Exciting
48321,3,Exciting
48323,3,Exciting
48325,4,Challenging
48327,3,Exciting
48329,4,Challenging
48331,3,Exciting
48333,3,Exciting
48335,4,Challenging
48337,4,Challenging
48339,4,Challenging
48341,4,Challenging
48343,3,Exciting
48345,4,Challenging
48347,4,Challenging
48349,4,Challenging
48351,3,Exciting
48353,4,Challenging
48355,4,Challenging
48357,4,Challenging
48359,4,Challenging
48361,3,Exciting
48363,4,Challenging
48365,4,Challenging
48367,4,Challenging
48369,4,Challenging
48371,4,Challenging
48373,3,Exciting
48375,5,Get out!
48377,3,Exciting
48379,3,Exciting
48381,5,Get out!
48383,3,Exciting
48385,3,Exciting
48387,4,Challenging
48389,3,Exciting
48391,3,Exciting
48393,4,Challenging
48395,3,Exciting
48397,3,Exciting
48399,4,Challenging
48401,4,Challenging
48403,3,Exciting
48405,3,Exciting
48407,3,Exciting
48409,4,Challenging
48411,3,Exciting
48413,3,Exciting
48415,4,Challenging
48417,3,Exciting
48419,4,Challenging
48421,4,Challenging
48423,4,Challenging
48425,3,Exciting
48427,4,Challenging
48429,4,Challenging
48431,3,Exciting
48433,3,Exciting
48435,3,Exciting
48437,4,Challenging
48439,5,Get out!
48441,4,Challenging
48443,3,Exciting
48445,4,Challenging
48447,4,Challenging
48449,3,Exciting
48451,4,Challenging
48453,4,Challenging
48455,3,Exciting
48457,3,Exciting
48459,4,Challenging
48461,3,Exciting
48463,4,Challenging
48465,4,Challenging
48467,4,Challenging
48469,3,Exciting
48471,3,Exciting
48473,3,Exciting
48475,3,Exciting
48477,3,Exciting
48479,4,Challenging
48481,3,Exciting
48483,4,Challenging
48485,4,Challenging
48487,4,Challenging
48489,4,Challenging
48491,4,Challenging
48493,3,Exciting
48495,3,Exciting
48497,4,Challenging
48499,4,Challenging
48501,4,Challenging
48503,4,Challenging
48505,4,Challenging
48507,3,Exciting
49001,3,Exciting
49003,4,Challenging
49005,4,Challenging
49007,3,Exciting
49009,4,Challenging
49011,4,Challenging
49013,4,Challenging
49015,4,Challenging
49017,3,Exciting
49019,4,Challenging
49021,3,Exciting
49023,4,Challenging
49025,4,Challenging
49027,4,Challenging
49029,4,Challenging
49031,3,Exciting
49033,4,Challenging
49035,5,Get out!
49037,4,Challenging
49039,4,Challenging
49041,3,Exciting
49043,4,Challenging
49045,4,Challenging
49047,4,Challenging
49049,4,Challenging
49051,4,Challenging
49053,4,Challenging
49055,3,Exciting
49057,4,Challenging
50001,4,Challenging
50003,4,Challenging
50005,4,Challenging
50007,4,Challenging
50009,4,Challenging
50011,4,Challenging
50013,3,Exciting
50015,4,Challenging
50017,4,Challenging
50019,4,Challenging
50021,4,Challenging
50023,4,Challenging
50025,4,Challenging
50027,4,Challenging
51001,3,Exciting
51003,4,Challenging
51005,3,Exciting
51007,3,Exciting
51009,4,Challenging
51011,3,Exciting
51013,4,Challenging
51015,4,Challenging
51017,3,Exciting
51019,4,Challenging
51021,3,Exciting
51023,4,Challenging
51025,3,Exciting
51027,3,Exciting
51029,4,Challenging
51031,4,Challenging
51033,3,Exciting
51035,4,Challenging
51036,3,Exciting
51037,4,Challenging
51041,4,Challenging
51043,4,Challenging
51045,3,Exciting
51047,4,Challenging
51049,3,Exciting
51051,3,Exciting
51053,3,Exciting
51057,3,Exciting
51059,4,Challenging
51061,4,Challenging
51063,3,Exciting
51065,3,Exciting
51067,4,Challenging
51069,4,Challenging
51071,4,Challenging
51073,4,Challenging
51075,3,Exciting
51077,4,Challenging
51079,4,Challenging
51081,3,Exciting
51083,4,Challenging
51085,3,Exciting
51087,4,Challenging
51089,4,Challenging
51091,4,Challenging
51093,3,Exciting
51095,4,Challenging
51097,3,Exciting
51099,4,Challenging
51101,3,Exciting
51103,3,Exciting
51105,3,Exciting
51107,4,Challenging
51109,3,Exciting
51111,3,Exciting
51113,4,Challenging
51115,3,Exciting
51117,4,Challenging
51119,3,Exciting
51121,4,Challenging
51125,4,Challenging
51127,3,Exciting
51131,3,Exciting
51133,3,Exciting
51135,3,Exciting
51137,4,Challenging
51139,4,Challenging
51141,4,Challenging
51143,4,Challenging
51145,3,Exciting
51147,3,Exciting
51149,3,Exciting
51153,4,Challenging
51155,4,Challenging
51157,4,Challenging
51159,4,Challenging
51161,4,Challenging
51163,4,Challenging
51165,4,Challenging
51167,3,Exciting
51169,3,Exciting
51171,4,Challenging
51173,4,Challenging
51175,3,Exciting
51177,4,Challenging
51179,4,Challenging
51181,3,Exciting
51183,3,Exciting
51185,4,Challenging
51187,4,Challenging
51191,4,Challenging
51193,4,Challenging
51195,4,Challenging
51197,4,Challenging
51199,3,Exciting
51510,4,Challenging
51515,2,Reasonable
51520,3,Exciting
51530,3,Exciting
51540,4,Challenging
51550,3,Exciting
51570,2,Reasonable
51580,3,Exciting
51590,3,Exciting
51595,3,Exciting
51600,4,Challenging
51610,4,Challenging
51620,3,Exciting
51630,4,Challenging
51640,3,Exciting
51650,3,Exciting
51660,4,Challenging
51670,3,Exciting
51678,3,Exciting
51680,3,Exciting
51683,4,Challenging
51685,4,Challenging
51690,3,Exciting
51700,3,Exciting
51710,4,Challenging
51720,3,Exciting
51730,3,Exciting
51735,2,Reasonable
51740,4,Challenging
51750,3,Exciting
51760,3,Exciting
51770,3,Exciting
51775,3,Exciting
51790,4,Challenging
51800,4,Challenging
51810,4,Challenging
51820,4,Challenging
51830,3,Exciting
51840,4,Challenging
53001,3,Exciting
53003,3,Exciting
53005,3,Exciting
53007,4,Challenging
53009,3,Exciting
53011,3,Exciting
53013,3,Exciting
53015,4,Challenging
53017,4,Challenging
53019,3,Exciting
53021,3,Exciting
53023,3,Exciting
53025,4,Challenging
53027,3,Exciting
53029,3,Exciting
53031,3,Exciting
53033,3,Exciting
53035,3,Exciting
53037,3,Exciting
53039,4,Challenging
53041,3,Exciting
53043,4,Challenging
53045,3,Exciting
53047,4,Challenging
53049,4,Challenging
53051,4,Challenging
53053,3,Exciting
53055,3,Exciting
53057,3,Exciting
53059,3,Exciting
53061,3,Exciting
53063,4,Challenging
53065,4,Challenging
53067,2,Reasonable
53069,4,Challenging
53071,4,Challenging
53073,3,Exciting
53075,3,Exciting
53077,4,Challenging
54001,3,Exciting
54003,4,Challenging
54005,4,Challenging
54007,3,Exciting
54009,3,Exciting
54011,4,Challenging
54013,3,Exciting
54015,3,Exciting
54017,3,Exciting
54019,3,Exciting
54021,3,Exciting
54023,4,Challenging
54025,4,Challenging
54027,4,Challenging
54029,3,Exciting
54031,4,Challenging
54033,4,Challenging
54035,4,Challenging
54037,4,Challenging
54039,4,Challenging
54041,3,Exciting
54043,4,Challenging
54045,4,Challenging
54047,4,Challenging
54049,3,Exciting
54051,3,Exciting
54053,4,Challenging
54055,4,Challenging
54057,4,Challenging
54059,4,Challenging
54061,3,Exciting
54063,3,Exciting
54065,4,Challenging
54067,3,Exciting
54069,3,Exciting
54071,4,Challenging
54073,3,Exciting
54075,3,Exciting
54077,3,Exciting
54079,4,Challenging
54081,3,Exciting
54083,3,Exciting
54085,3,Exciting
54087,3,Exciting
54089,3,Exciting
54091,3,Exciting
54093,3,Exciting
54095,3,Exciting
54097,4,Challenging
54099,4,Challenging
54101,3,Exciting
54103,3,Exciting
54105,3,Exciting
54107,4,Challenging
54109,4,Challenging
55001,4,Challenging
55003,4,Challenging
55005,4,Challenging
55007,4,Challenging
55009,4,Challenging
55011,4,Challenging
55013,4,Challenging
55015,4,Challenging
55017,4,Challenging
55019,4,Challenging
55021,4,Challenging
55023,4,Challenging
55025,4,Challenging
55027,4,Challenging
55029,4,Challenging
55031,4,Challenging
55033,4,Challenging
55035,3,Exciting
55037,3,Exciting
55039,4,Challenging
55041,3,Exciting
55043,4,Challenging
55045,4,Challenging
55047,4,Challenging
55049,4,Challenging
55051,4,Challenging
55053,4,Challenging
55055,4,Challenging
55057,4,Challenging
55059,4,Challenging
55061,3,Exciting
55063,4,Challenging
55065,4,Challenging
55067,4,Challenging
55069,4,Challenging
55071,4,Challenging
55073,4,Challenging
55075,4,Challenging
55077,4,Challenging
55078,3,Exciting
55079,4,Challenging
55081,4,Challenging
55083,4,Challenging
55085,4,Challenging
55087,4,Challenging
55089,4,Challenging
55091,3,Exciting
55093,4,Challenging
55095,4,Challenging
55097,4,Challenging
55099,4,Challenging
55101,4,Challenging
55103,3,Exciting
55105,4,Challenging
55107,3,Exciting
55109,4,Challenging
55111,4,Challenging
55113,4,Challenging
55115,4,Challenging
55117,4,Challenging
55119,4,Challenging
55121,4,Challenging
55123,4,Challenging
55125,4,Challenging
55127,4,Challenging
55129,3,Exciting
55131,4,Challenging
55133,4,Challenging
55135,4,Challenging
55137,4,Challenging
55139,4,Challenging
55141,4,Challenging
56001,5,Get out!
56003,3,Exciting
56005,4,Challenging
56007,5,Get out!
56009,4,Challenging
56011,4,Challenging
56013,5,Get out!
56015,4,Challenging
56017,4,Challenging
56019,4,Challenging
56021,5,Get out!
56023,4,Challenging
56025,4,Challenging
56027,3,Exciting
56029,4,Challenging
56031,4,Challenging
56033,4,Challenging
56035,4,Challenging
56037,4,Challenging
56039,4,Challenging
56041,2,Reasonable
56043,3,Exciting
56045,4,Challenging
